05/07/2012 16:09:04,0-7380086,TRACK,48.72245,-122.51276,"",""
05/07/2012 15:59:05,0-7380086,TRACK,48.72269,-122.51266,"",""
05/07/2012 15:49:25,0-7380086,TRACK,48.72256,-122.51276,"",""
05/07/2012 15:39:10,0-7380086,TRACK,48.71774,-122.52507,"",""
05/07/2012 15:29:29,0-7380086,TRACK,48.70435,-122.54001,"",""
05/07/2012 15:19:12,0-7380086,TRACK,48.69085,-122.55951,"",""
05/07/2012 15:09:03,0-7380086,TRACK,48.67638,-122.57726,"",""
05/07/2012 14:59:11,0-7380086,TRACK,48.66171,-122.59216,"",""
05/07/2012 14:49:08,0-7380086,TRACK,48.64829,-122.59811,"",""
05/07/2012 14:39:04,0-7380086,TRACK,48.6373,-122.61398,"",""
05/07/2012 14:29:06,0-7380086,TRACK,48.63723,-122.64116,"",""
05/07/2012 14:19:30,0-7380086,TRACK,48.63649,-122.66663,"",""
05/07/2012 14:09:05,0-7380086,TRACK,48.63057,-122.69347,"",""
05/07/2012 13:59:10,0-7380086,TRACK,48.61693,-122.71179,"",""
05/07/2012 13:49:05,0-7380086,TRACK,48.60749,-122.73396,"",""
05/07/2012 13:39:07,0-7380086,TRACK,48.60172,-122.75314,"",""
05/07/2012 13:29:27,0-7380086,TRACK,48.59722,-122.77379,"",""
05/07/2012 13:19:27,0-7380086,TRACK,48.59209,-122.79636,"",""
05/07/2012 13:09:08,0-7380086,TRACK,48.58653,-122.82108,"",""
05/07/2012 12:59:04,0-7380086,TRACK,48.58186,-122.84369,"",""
05/07/2012 12:49:11,0-7380086,TRACK,48.57743,-122.86768,"",""
05/07/2012 12:39:09,0-7380086,TRACK,48.57065,-122.89253,"",""
05/07/2012 12:19:05,0-7380086,TRACK,48.54488,-122.94194,"",""
05/07/2012 12:09:04,0-7380086,TRACK,48.54412,-122.97002,"",""
05/07/2012 11:59:06,0-7380086,TRACK,48.5439,-123.0002,"",""
05/07/2012 11:49:06,0-7380086,TRACK,48.54511,-123.01205,"",""
05/07/2012 11:39:16,0-7380086,TRACK,48.54507,-123.01212,"",""
05/07/2012 11:29:07,0-7380086,TRACK,48.54511,-123.01202,"",""
05/07/2012 11:19:44,0-7380086,TRACK,48.54501,-123.01216,"",""
05/07/2012 11:09:07,0-7380086,TRACK,48.54519,-123.01205,"",""
05/07/2012 10:59:04,0-7380086,TRACK,48.54507,-123.01212,"",""
05/07/2012 10:49:05,0-7380086,TRACK,48.54507,-123.01212,"",""
05/07/2012 10:39:26,0-7380086,TRACK,48.54512,-123.01202,"",""
05/07/2012 10:29:10,0-7380086,TRACK,48.5452,-123.01221,"",""
05/07/2012 10:19:05,0-7380086,TRACK,48.54346,-123.0054,"",""
05/07/2012 10:09:05,0-7380086,TRACK,48.53987,-122.98724,"",""
05/07/2012 09:59:03,0-7380086,TRACK,48.53703,-122.97342,"",""
05/07/2012 09:49:26,0-7380086,TRACK,48.53225,-122.96645,"",""
05/07/2012 09:39:28,0-7380086,TRACK,48.52105,-122.96712,"",""
05/06/2012 20:37:29,0-7380086,TRACK,48.4657,-122.98987,"",""
05/06/2012 20:27:02,0-7380086,TRACK,48.46569,-122.98982,"",""
05/06/2012 20:16:54,0-7380086,TRACK,48.46575,-122.98988,"",""
05/06/2012 20:06:58,0-7380086,TRACK,48.46577,-122.98988,"",""
05/06/2012 19:56:53,0-7380086,TRACK,48.46574,-122.98988,"",""
05/06/2012 19:46:53,0-7380086,TRACK,48.46574,-122.9899,"",""
05/06/2012 19:27:14,0-7380086,TRACK,48.46567,-122.98997,"",""
05/06/2012 19:18:27,0-7380086,TRACK,48.46568,-122.98987,"",""
05/06/2012 19:07:08,0-7380086,TRACK,48.46565,-122.98993,"",""
05/06/2012 18:57:28,0-7380086,TRACK,48.46576,-122.9899,"",""
05/06/2012 18:47:27,0-7380086,TRACK,48.46576,-122.98993,"",""
05/06/2012 18:37:07,0-7380086,TRACK,48.46575,-122.98984,"",""
05/06/2012 18:26:54,0-7380086,TRACK,48.46577,-122.98982,"",""
05/06/2012 18:17:01,0-7380086,TRACK,48.46581,-122.98994,"",""
05/06/2012 18:07:03,0-7380086,TRACK,48.46579,-122.98993,"",""
05/06/2012 17:56:57,0-7380086,TRACK,48.46576,-122.98979,"",""
05/06/2012 17:46:59,0-7380086,TRACK,48.46582,-122.98997,"",""
05/06/2012 17:36:53,0-7380086,TRACK,48.46577,-122.9899,"",""
05/06/2012 17:27:05,0-7380086,TRACK,48.4658,-122.98993,"",""
05/06/2012 17:17:27,0-7380086,TRACK,48.4658,-122.98993,"",""
05/06/2012 17:07:14,0-7380086,TRACK,48.46585,-122.99004,"",""
05/06/2012 16:56:58,0-7380086,TRACK,48.46581,-122.98997,"",""
05/06/2012 16:47:27,0-7380086,TRACK,48.46595,-122.99016,"",""
05/06/2012 16:37:27,0-7380086,TRACK,48.4659,-122.9902,"",""
05/06/2012 16:27:07,0-7380086,TRACK,48.46556,-122.99036,"",""
05/06/2012 16:16:58,0-7380086,TRACK,48.47229,-122.97215,"",""
05/06/2012 16:06:59,0-7380086,TRACK,48.46506,-122.95418,"",""
05/06/2012 15:56:59,0-7380086,TRACK,48.43793,-122.96143,"",""
05/06/2012 15:46:52,0-7380086,TRACK,48.42622,-122.98169,"",""
05/06/2012 15:36:54,0-7380086,TRACK,48.42305,-122.99149,"",""
05/06/2012 15:26:54,0-7380086,TRACK,48.42216,-122.99568,"",""
05/06/2012 15:07:26,0-7380086,TRACK,48.42079,-123.00325,"",""
05/06/2012 14:58:36,0-7380086,TRACK,48.42015,-123.00677,"",""
05/06/2012 14:46:59,0-7380086,TRACK,48.41878,-123.00497,"",""
05/06/2012 14:36:57,0-7380086,TRACK,48.41974,-123.00937,"",""
05/06/2012 14:26:58,0-7380086,TRACK,48.43351,-123.02727,"",""
05/06/2012 14:16:58,0-7380086,TRACK,48.44533,-123.04808,"",""
05/06/2012 14:06:58,0-7380086,TRACK,48.4567,-123.06731,"",""
05/06/2012 13:57:15,0-7380086,TRACK,48.46929,-123.08247,"",""
05/06/2012 13:47:00,0-7380086,TRACK,48.47949,-123.08981,"",""
05/06/2012 13:36:54,0-7380086,TRACK,48.4773,-123.08406,"",""
05/06/2012 13:26:58,0-7380086,TRACK,48.47771,-123.08524,"",""
05/06/2012 13:17:51,0-7380086,TRACK,48.47759,-123.09315,"",""
05/06/2012 13:06:58,0-7380086,TRACK,48.48634,-123.11957,"",""
05/06/2012 12:57:03,0-7380086,TRACK,48.4968,-123.14133,"",""
05/06/2012 12:46:54,0-7380086,TRACK,48.51044,-123.15906,"",""
05/06/2012 12:36:59,0-7380086,TRACK,48.51719,-123.16464,"",""
05/06/2012 12:27:04,0-7380086,TRACK,48.52025,-123.16818,"",""
05/06/2012 12:16:54,0-7380086,TRACK,48.53786,-123.17944,"",""
05/06/2012 12:06:56,0-7380086,TRACK,48.55633,-123.19066,"",""
05/06/2012 11:57:11,0-7380086,TRACK,48.5742,-123.1981,"",""
05/06/2012 11:48:13,0-7380086,TRACK,48.58607,-123.20529,"",""
05/06/2012 11:38:06,0-7380086,TRACK,48.57833,-123.19473,"",""
05/06/2012 11:26:58,0-7380086,TRACK,48.56952,-123.19113,"",""
05/06/2012 11:17:02,0-7380086,TRACK,48.57544,-123.19762,"",""
05/06/2012 11:07:15,0-7380086,TRACK,48.58141,-123.20366,"",""
05/06/2012 10:56:55,0-7380086,TRACK,48.58655,-123.2058,"",""
05/06/2012 10:47:26,0-7380086,TRACK,48.58231,-123.1969,"",""
05/06/2012 10:27:32,0-7380086,TRACK,48.57651,-123.18982,"",""
05/06/2012 10:17:17,0-7380086,TRACK,48.57803,-123.19107,"",""
05/06/2012 10:06:57,0-7380086,TRACK,48.57828,-123.19017,"",""
05/06/2012 09:57:00,0-7380086,TRACK,48.57846,-123.1886,"",""
05/06/2012 09:47:07,0-7380086,TRACK,48.57772,-123.18842,"",""
05/06/2012 09:37:12,0-7380086,TRACK,48.57763,-123.18654,"",""
05/06/2012 09:26:59,0-7380086,TRACK,48.57649,-123.18347,"",""
05/06/2012 09:17:08,0-7380086,TRACK,48.57558,-123.18158,"",""
05/06/2012 09:07:59,0-7380086,TRACK,48.57494,-123.17453,"",""
05/05/2012 17:31:44,0-7380086,TRACK,48.5719,-123.16734,"",""
05/05/2012 17:21:46,0-7380086,TRACK,48.57196,-123.16727,"",""
05/05/2012 17:11:35,0-7380086,TRACK,48.5719,-123.16708,"",""
05/05/2012 17:01:10,0-7380086,TRACK,48.57193,-123.16713,"",""
05/05/2012 16:51:29,0-7380086,TRACK,48.57189,-123.16727,"",""
05/05/2012 16:41:04,0-7380086,TRACK,48.57189,-123.16695,"",""
05/05/2012 16:31:11,0-7380086,TRACK,48.57191,-123.16693,"",""
05/05/2012 16:21:05,0-7380086,TRACK,48.57175,-123.16716,"",""
05/05/2012 16:11:26,0-7380086,TRACK,48.57191,-123.16699,"",""
05/05/2012 16:01:02,0-7380086,TRACK,48.57185,-123.16724,"",""
05/05/2012 15:50:58,0-7380086,TRACK,48.56988,-123.17966,"",""
05/05/2012 15:41:26,0-7380086,TRACK,48.54957,-123.17749,"",""
05/05/2012 15:23:00,0-7380086,TRACK,48.51588,-123.16196,"",""
05/05/2012 15:11:22,0-7380086,TRACK,48.5075,-123.15575,"",""
05/05/2012 15:01:04,0-7380086,TRACK,48.4921,-123.1367,"",""
05/05/2012 14:51:03,0-7380086,TRACK,48.4783,-123.10165,"",""
05/05/2012 14:41:06,0-7380086,TRACK,48.46814,-123.07211,"",""
05/05/2012 14:31:22,0-7380086,TRACK,48.45574,-123.05,"",""
05/05/2012 14:21:22,0-7380086,TRACK,48.44432,-123.02887,"",""
05/05/2012 14:12:30,0-7380086,TRACK,48.43377,-123.01323,"",""
05/05/2012 14:01:01,0-7380086,TRACK,48.42352,-123.00085,"",""
05/05/2012 13:51:04,0-7380086,TRACK,48.42134,-123.00645,"",""
05/05/2012 13:41:14,0-7380086,TRACK,48.41986,-123.00912,"",""
05/05/2012 13:31:04,0-7380086,TRACK,48.41938,-123.004,"",""
05/05/2012 13:21:25,0-7380086,TRACK,48.42167,-122.9798,"",""
05/05/2012 13:11:27,0-7380086,TRACK,48.42369,-122.95657,"",""
05/05/2012 13:01:05,0-7380086,TRACK,48.42206,-122.9397,"",""
05/05/2012 12:50:59,0-7380086,TRACK,48.41717,-122.93605,"",""
05/05/2012 12:41:30,0-7380086,TRACK,48.41246,-122.93353,"",""
05/05/2012 12:31:05,0-7380086,TRACK,48.40681,-122.93291,"",""
05/05/2012 12:20:59,0-7380086,TRACK,48.40128,-122.93304,"",""
05/05/2012 12:11:10,0-7380086,TRACK,48.39715,-122.93295,"",""
05/05/2012 12:02:15,0-7380086,TRACK,48.4067,-122.93167,"",""
05/05/2012 11:50:59,0-7380086,TRACK,48.41379,-122.93263,"",""
05/05/2012 11:41:04,0-7380086,TRACK,48.41851,-122.95499,"",""
05/05/2012 11:31:32,0-7380086,TRACK,48.42501,-122.97906,"",""
05/05/2012 11:21:51,0-7380086,TRACK,48.43153,-123.00595,"",""
05/05/2012 11:11:38,0-7380086,TRACK,48.44272,-123.03619,"",""
05/05/2012 11:01:10,0-7380086,TRACK,48.45627,-123.07222,"",""
05/05/2012 10:50:58,0-7380086,TRACK,48.47069,-123.10518,"",""
05/05/2012 10:21:05,0-7380086,TRACK,48.51881,-123.16307,"",""
05/05/2012 10:11:04,0-7380086,TRACK,48.53999,-123.17085,"",""
05/05/2012 10:01:03,0-7380086,TRACK,48.56039,-123.18161,"",""
05/05/2012 09:51:00,0-7380086,TRACK,48.57482,-123.18227,"",""
05/05/2012 09:41:56,0-7380086,TRACK,48.57316,-123.1826,"",""
05/05/2012 09:32:44,0-7380086,TRACK,48.57545,-123.18237,"",""
05/04/2012 21:28:05,0-7380086,TRACK,48.5717,-123.16682,"",""
05/04/2012 21:17:56,0-7380086,TRACK,48.57176,-123.16678,"",""
05/04/2012 21:07:32,0-7380086,TRACK,48.57172,-123.16693,"",""
05/04/2012 20:57:58,0-7380086,TRACK,48.57178,-123.16708,"",""
05/04/2012 20:47:30,0-7380086,TRACK,48.57175,-123.16695,"",""
05/04/2012 20:37:28,0-7380086,TRACK,48.57176,-123.16705,"",""
05/04/2012 20:27:57,0-7380086,TRACK,48.5718,-123.16699,"",""
05/04/2012 20:17:28,0-7380086,TRACK,48.57179,-123.16687,"",""
05/04/2012 20:07:28,0-7380086,TRACK,48.57165,-123.16698,"",""
05/04/2012 19:57:26,0-7380086,TRACK,48.5717,-123.16684,"",""
05/04/2012 19:47:50,0-7380086,TRACK,48.57153,-123.16689,"",""
05/04/2012 19:37:32,0-7380086,TRACK,48.57164,-123.16693,"",""
05/04/2012 19:27:33,0-7380086,TRACK,48.57173,-123.16714,"",""
05/04/2012 19:18:27,0-7380086,TRACK,48.57163,-123.16731,"",""
05/04/2012 19:07:33,0-7380086,TRACK,48.57145,-123.16714,"",""
05/04/2012 18:57:30,0-7380086,TRACK,48.57141,-123.16719,"",""
05/04/2012 18:47:29,0-7380086,TRACK,48.57138,-123.16699,"",""
05/04/2012 18:37:30,0-7380086,TRACK,48.57149,-123.16702,"",""
05/04/2012 18:27:28,0-7380086,TRACK,48.57136,-123.16716,"",""
05/04/2012 18:17:57,0-7380086,TRACK,48.57141,-123.16719,"",""
05/04/2012 18:07:29,0-7380086,TRACK,48.57582,-123.17438,"",""
05/04/2012 17:57:37,0-7380086,TRACK,48.58855,-123.17371,"",""
05/04/2012 17:37:32,0-7380086,TRACK,48.6117,-123.15463,"",""
05/04/2012 17:29:03,0-7380086,TRACK,48.60918,-123.1535,"",""
05/04/2012 17:17:33,0-7380086,TRACK,48.60926,-123.15346,"",""
05/04/2012 17:07:42,0-7380086,TRACK,48.60928,-123.15395,"",""
05/04/2012 16:57:52,0-7380086,TRACK,48.60914,-123.15332,"",""
05/04/2012 16:47:50,0-7380086,TRACK,48.61055,-123.15367,"",""
05/04/2012 16:37:28,0-7380086,TRACK,48.62394,-123.16876,"",""
05/04/2012 16:27:28,0-7380086,TRACK,48.63875,-123.19109,"",""
05/04/2012 16:17:28,0-7380086,TRACK,48.65352,-123.21097,"",""
05/04/2012 16:07:30,0-7380086,TRACK,48.66787,-123.22577,"",""
05/04/2012 15:57:30,0-7380086,TRACK,48.67809,-123.23836,"",""
05/04/2012 15:48:07,0-7380086,TRACK,48.68483,-123.24567,"",""
05/04/2012 15:37:31,0-7380086,TRACK,48.69402,-123.24568,"",""
05/04/2012 15:29:06,0-7380086,TRACK,48.69059,-123.24727,"",""
05/04/2012 15:07:31,0-7380086,TRACK,48.69297,-123.24292,"",""
05/04/2012 14:57:39,0-7380086,TRACK,48.70329,-123.2383,"",""
05/04/2012 14:52:41,0-7380086,HELP,48.70473,-123.24132,"","BR SPOT - With KW"
05/04/2012 14:47:41,0-7380086,HELP,48.69941,-123.24405,"","BR SPOT - With KW"
05/04/2012 14:37:59,0-7380086,HELP,48.6962,-123.24356,"","BR SPOT - With KW"
05/04/2012 14:32:50,0-7380086,HELP,48.70148,-123.24263,"","BR SPOT - With KW"
05/04/2012 14:27:40,0-7380086,HELP,48.70768,-123.24405,"","BR SPOT - With KW"
05/04/2012 14:22:40,0-7380086,HELP,48.71217,-123.24362,"","BR SPOT - With KW"
05/04/2012 14:12:38,0-7380086,HELP,48.72101,-123.24335,"","BR SPOT - With KW"
05/04/2012 14:09:36,0-7380086,HELP,48.72306,-123.24364,"","BR SPOT - With KW"
05/04/2012 14:02:45,0-7380086,HELP,48.72552,-123.24084,"","BR SPOT - With KW"
05/04/2012 13:58:12,0-7380086,HELP,48.7236,-123.23941,"","BR SPOT - With KW"
05/04/2012 13:03:18,0-7380086,HELP,48.70989,-123.25804,"","BR SPOT - With KW"
05/04/2012 12:58:19,0-7380086,HELP,48.70403,-123.25401,"","BR SPOT - With KW"
05/04/2012 12:53:20,0-7380086,HELP,48.69767,-123.25024,"","BR SPOT - With KW"
05/04/2012 12:48:17,0-7380086,HELP,48.69065,-123.24747,"","BR SPOT - With KW"
05/04/2012 12:43:16,0-7380086,HELP,48.68373,-123.24341,"","BR SPOT - With KW"
05/04/2012 12:34:00,0-7380086,HELP,48.6761,-123.23384,"","BR SPOT - With KW"
05/04/2012 12:28:27,0-7380086,HELP,48.67134,-123.22867,"","BR SPOT - With KW"
05/04/2012 12:23:16,0-7380086,HELP,48.66359,-123.22549,"","BR SPOT - With KW"
05/04/2012 12:18:14,0-7380086,HELP,48.65435,-123.22112,"","BR SPOT - With KW"
05/04/2012 12:13:17,0-7380086,HELP,48.64597,-123.21626,"","BR SPOT - With KW"
05/04/2012 12:08:14,0-7380086,HELP,48.63869,-123.2149,"","BR SPOT - With KW"
05/04/2012 12:06:41,0-7380086,HELP,48.63633,-123.21509,"","BR SPOT - With KW"
05/04/2012 11:54:10,0-7380086,TRACK,48.61433,-123.21712,"",""
05/04/2012 11:25:36,0-7380086,TRACK,48.57944,-123.17772,"",""
05/04/2012 11:14:04,0-7380086,TRACK,48.58975,-123.16985,"",""
05/04/2012 11:04:04,0-7380086,TRACK,48.58543,-123.1577,"",""
05/04/2012 10:54:10,0-7380086,TRACK,48.58495,-123.15923,"",""
05/04/2012 10:13:17,0-7380086,TRACK,48.58486,-123.15929,"",""
05/04/2012 10:03:10,0-7380086,TRACK,48.58488,-123.15927,"",""
05/04/2012 09:53:30,0-7380086,TRACK,48.58495,-123.15932,"",""
05/04/2012 09:33:09,0-7380086,TRACK,48.58484,-123.15929,"",""
05/04/2012 09:23:26,0-7380086,TRACK,48.58491,-123.15923,"",""
05/04/2012 09:13:46,0-7380086,TRACK,48.58487,-123.15927,"",""
05/04/2012 09:03:10,0-7380086,TRACK,48.5849,-123.15923,"",""
05/04/2012 08:53:10,0-7380086,TRACK,48.58484,-123.15927,"",""
05/04/2012 08:43:24,0-7380086,TRACK,48.58484,-123.15926,"",""
05/04/2012 08:33:28,0-7380086,TRACK,48.58482,-123.15932,"",""
05/04/2012 08:23:29,0-7380086,TRACK,48.5848,-123.15936,"",""
05/04/2012 08:13:14,0-7380086,TRACK,48.58483,-123.15938,"",""
05/04/2012 08:03:10,0-7380086,TRACK,48.58484,-123.15933,"",""
05/04/2012 07:53:11,0-7380086,TRACK,48.58485,-123.15938,"",""
05/04/2012 07:43:10,0-7380086,TRACK,48.58483,-123.15938,"",""
05/04/2012 07:33:09,0-7380086,TRACK,48.58485,-123.15938,"",""
05/04/2012 07:23:11,0-7380086,TRACK,48.58485,-123.15929,"",""
05/04/2012 07:03:10,0-7380086,TRACK,48.58483,-123.15921,"",""
05/04/2012 06:53:09,0-7380086,TRACK,48.58485,-123.15926,"",""
05/04/2012 06:43:27,0-7380086,TRACK,48.58485,-123.15926,"",""
05/04/2012 06:33:10,0-7380086,TRACK,48.58483,-123.15929,"",""
05/04/2012 06:23:09,0-7380086,TRACK,48.58487,-123.15927,"",""
05/04/2012 06:13:15,0-7380086,TRACK,48.58487,-123.15927,"",""
05/04/2012 06:03:10,0-7380086,TRACK,48.58486,-123.15912,"",""
05/04/2012 05:53:11,0-7380086,TRACK,48.58492,-123.15929,"",""
05/04/2012 05:43:12,0-7380086,TRACK,48.58477,-123.15916,"",""
05/04/2012 05:33:13,0-7380086,TRACK,48.58506,-123.15907,"",""
05/04/2012 05:23:14,0-7380086,TRACK,48.58482,-123.15921,"",""
05/04/2012 05:03:10,0-7380086,TRACK,48.58484,-123.15918,"",""
05/04/2012 04:43:10,0-7380086,TRACK,48.58485,-123.15926,"",""
05/04/2012 04:33:11,0-7380086,TRACK,48.58485,-123.15921,"",""
05/04/2012 04:03:13,0-7380086,TRACK,48.58487,-123.15915,"",""
05/04/2012 03:53:12,0-7380086,TRACK,48.58491,-123.15907,"",""
05/04/2012 03:43:11,0-7380086,TRACK,48.58489,-123.15918,"",""
05/04/2012 03:33:12,0-7380086,TRACK,48.58483,-123.15915,"",""
05/04/2012 03:23:27,0-7380086,TRACK,48.58484,-123.15916,"",""
05/04/2012 03:13:10,0-7380086,TRACK,48.58477,-123.15915,"",""
05/04/2012 02:53:14,0-7380086,TRACK,48.5848,-123.15918,"",""
05/04/2012 02:43:14,0-7380086,TRACK,48.5848,-123.1591,"",""
05/04/2012 02:33:24,0-7380086,TRACK,48.58473,-123.15897,"",""
05/04/2012 02:23:10,0-7380086,TRACK,48.5848,-123.15915,"",""
05/04/2012 02:13:10,0-7380086,TRACK,48.58485,-123.15906,"",""
05/04/2012 02:03:09,0-7380086,TRACK,48.58484,-123.1591,"",""
05/04/2012 01:53:10,0-7380086,TRACK,48.58484,-123.15926,"",""
05/04/2012 01:43:11,0-7380086,TRACK,48.58483,-123.15915,"",""
05/04/2012 01:33:28,0-7380086,TRACK,48.5848,-123.15912,"",""
05/04/2012 01:23:12,0-7380086,TRACK,48.58482,-123.15927,"",""
05/04/2012 01:13:45,0-7380086,TRACK,48.58484,-123.15903,"",""
05/04/2012 01:03:09,0-7380086,TRACK,48.58478,-123.15915,"",""
05/04/2012 00:43:10,0-7380086,TRACK,48.58478,-123.15921,"",""
05/04/2012 00:13:16,0-7380086,TRACK,48.58482,-123.15907,"",""
05/04/2012 00:03:29,0-7380086,TRACK,48.5849,-123.15916,"",""
05/03/2012 23:53:10,0-7380086,TRACK,48.5849,-123.15923,"",""
05/03/2012 23:43:18,0-7380086,TRACK,48.58507,-123.15926,"",""
05/03/2012 23:33:14,0-7380086,TRACK,48.5848,-123.15915,"",""
05/03/2012 23:23:30,0-7380086,TRACK,48.58485,-123.15918,"",""
05/03/2012 23:13:44,0-7380086,TRACK,48.58483,-123.15915,"",""
05/03/2012 23:03:16,0-7380086,TRACK,48.58477,-123.159,"",""
05/03/2012 22:53:10,0-7380086,TRACK,48.58482,-123.15907,"",""
05/03/2012 22:43:19,0-7380086,TRACK,48.58471,-123.1591,"",""
05/03/2012 22:33:15,0-7380086,TRACK,48.58476,-123.15918,"",""
05/03/2012 22:23:10,0-7380086,TRACK,48.58482,-123.15921,"",""
05/03/2012 22:13:11,0-7380086,TRACK,48.58471,-123.15884,"",""
05/03/2012 22:03:08,0-7380086,TRACK,48.58478,-123.15916,"",""
05/03/2012 21:53:12,0-7380086,TRACK,48.58472,-123.15907,"",""
05/03/2012 21:43:15,0-7380086,TRACK,48.58473,-123.159,"",""
05/03/2012 21:33:30,0-7380086,TRACK,48.58482,-123.15903,"",""
05/03/2012 21:23:12,0-7380086,TRACK,48.5847,-123.159,"",""
05/03/2012 21:13:53,0-7380086,TRACK,48.58485,-123.15915,"",""
05/03/2012 21:03:11,0-7380086,TRACK,48.58467,-123.15926,"",""
05/03/2012 20:53:16,0-7380086,TRACK,48.58466,-123.15932,"",""
05/03/2012 20:43:12,0-7380086,TRACK,48.58472,-123.15921,"",""
05/03/2012 20:33:15,0-7380086,TRACK,48.58471,-123.15926,"",""
05/03/2012 20:23:17,0-7380086,TRACK,48.58473,-123.15923,"",""
05/03/2012 20:13:15,0-7380086,TRACK,48.58473,-123.15929,"",""
05/03/2012 20:03:12,0-7380086,TRACK,48.58471,-123.15915,"",""
05/03/2012 19:53:17,0-7380086,TRACK,48.58469,-123.15918,"",""
05/03/2012 19:43:12,0-7380086,TRACK,48.58466,-123.15926,"",""
05/03/2012 19:33:19,0-7380086,TRACK,48.58474,-123.15921,"",""
05/03/2012 19:23:51,0-7380086,TRACK,48.5847,-123.15921,"",""
05/03/2012 19:13:45,0-7380086,TRACK,48.58471,-123.15929,"",""
05/03/2012 19:03:12,0-7380086,TRACK,48.58471,-123.15923,"",""
05/03/2012 18:53:16,0-7380086,TRACK,48.58473,-123.15915,"",""
05/03/2012 18:43:16,0-7380086,TRACK,48.58469,-123.159,"",""
05/03/2012 18:33:43,0-7380086,TRACK,48.5847,-123.159,"",""
05/03/2012 18:23:16,0-7380086,TRACK,48.58466,-123.15891,"",""
05/03/2012 18:13:45,0-7380086,TRACK,48.58461,-123.15891,"",""
05/03/2012 18:03:18,0-7380086,TRACK,48.58434,-123.15889,"",""
05/03/2012 17:53:28,0-7380086,TRACK,48.5846,-123.15921,"",""
05/03/2012 17:43:29,0-7380086,TRACK,48.58454,-123.15907,"",""
05/03/2012 17:33:16,0-7380086,TRACK,48.5844,-123.15901,"",""
05/03/2012 17:23:29,0-7380086,TRACK,48.58459,-123.15889,"",""
05/03/2012 17:13:44,0-7380086,TRACK,48.58447,-123.159,"",""
05/03/2012 17:03:18,0-7380086,TRACK,48.58643,-123.15971,"",""
05/03/2012 16:53:43,0-7380086,TRACK,48.59317,-123.17633,"",""
05/03/2012 16:43:14,0-7380086,TRACK,48.6106,-123.1711,"",""
05/03/2012 16:33:14,0-7380086,TRACK,48.62719,-123.16171,"",""
05/03/2012 16:24:09,0-7380086,TRACK,48.62924,-123.14006,"",""
05/03/2012 16:13:19,0-7380086,TRACK,48.62901,-123.11346,"",""
05/03/2012 16:03:23,0-7380086,TRACK,48.64214,-123.09976,"",""
05/03/2012 15:53:15,0-7380086,TRACK,48.66311,-123.09689,"",""
05/03/2012 15:43:15,0-7380086,TRACK,48.6819,-123.0878,"",""
05/03/2012 15:33:16,0-7380086,TRACK,48.70122,-123.08063,"",""
05/03/2012 15:23:37,0-7380086,TRACK,48.71449,-123.0663,"",""
05/03/2012 15:13:45,0-7380086,TRACK,48.72532,-123.04224,"",""
05/03/2012 15:03:14,0-7380086,TRACK,48.73436,-123.01718,"",""
05/03/2012 14:53:29,0-7380086,TRACK,48.74018,-122.98911,"",""
05/03/2012 14:43:11,0-7380086,TRACK,48.74833,-122.96506,"",""
05/03/2012 14:33:16,0-7380086,TRACK,48.7495,-122.95354,"",""
05/03/2012 14:23:16,0-7380086,TRACK,48.74985,-122.95395,"",""
05/03/2012 14:13:14,0-7380086,TRACK,48.75016,-122.95915,"",""
05/03/2012 14:03:17,0-7380086,TRACK,48.75404,-122.98549,"",""
05/03/2012 13:53:35,0-7380086,TRACK,48.76092,-123.01369,"",""
05/03/2012 13:43:56,0-7380086,TRACK,48.76554,-123.04086,"",""
05/03/2012 13:33:30,0-7380086,TRACK,48.77359,-123.05728,"",""
05/03/2012 13:23:47,0-7380086,TRACK,48.77297,-123.06128,"",""
05/03/2012 13:14:27,0-7380086,TRACK,48.7715,-123.06337,"",""
05/03/2012 13:03:14,0-7380086,TRACK,48.76839,-123.06622,"",""
05/03/2012 12:53:15,0-7380086,TRACK,48.75286,-123.06583,"",""
05/03/2012 12:33:32,0-7380086,TRACK,48.72162,-123.07666,"",""
05/03/2012 12:23:59,0-7380086,TRACK,48.70455,-123.08389,"",""
05/03/2012 12:03:39,0-7380086,TRACK,48.6711,-123.09279,"",""
05/03/2012 11:53:18,0-7380086,TRACK,48.65483,-123.09547,"",""
05/03/2012 11:43:19,0-7380086,TRACK,48.63869,-123.10011,"",""
05/03/2012 11:33:13,0-7380086,TRACK,48.63063,-123.11795,"",""
05/03/2012 11:23:52,0-7380086,TRACK,48.63167,-123.14432,"",""
05/03/2012 11:13:16,0-7380086,TRACK,48.63245,-123.16856,"",""
05/03/2012 11:03:46,0-7380086,TRACK,48.62906,-123.18742,"",""
05/03/2012 10:53:26,0-7380086,TRACK,48.61488,-123.19972,"",""
05/03/2012 10:43:14,0-7380086,TRACK,48.6014,-123.2086,"",""
05/03/2012 10:33:16,0-7380086,TRACK,48.58856,-123.20776,"",""
05/03/2012 10:23:16,0-7380086,TRACK,48.57718,-123.19296,"",""
05/03/2012 10:13:50,0-7380086,TRACK,48.57486,-123.1757,"",""
05/02/2012 20:46:35,0-7380086,TRACK,48.57159,-123.16725,"",""
05/02/2012 20:36:20,0-7380086,TRACK,48.57153,-123.16716,"",""
05/02/2012 20:26:22,0-7380086,TRACK,48.5715,-123.16721,"",""
05/02/2012 20:16:18,0-7380086,TRACK,48.5715,-123.16724,"",""
05/02/2012 20:06:23,0-7380086,TRACK,48.57153,-123.16724,"",""
05/02/2012 19:56:19,0-7380086,TRACK,48.57151,-123.16719,"",""
05/02/2012 19:46:14,0-7380086,TRACK,48.5715,-123.16719,"",""
05/02/2012 19:36:30,0-7380086,TRACK,48.57149,-123.16719,"",""
05/02/2012 19:26:16,0-7380086,TRACK,48.57143,-123.16719,"",""
05/02/2012 19:06:17,0-7380086,TRACK,48.57159,-123.16681,"",""
05/02/2012 18:46:33,0-7380086,TRACK,48.57148,-123.16682,"",""
05/02/2012 18:36:18,0-7380086,TRACK,48.57144,-123.16699,"",""
05/02/2012 18:26:46,0-7380086,TRACK,48.57143,-123.16704,"",""
05/02/2012 18:16:25,0-7380086,TRACK,48.57145,-123.16695,"",""
05/02/2012 18:06:28,0-7380086,TRACK,48.57163,-123.16684,"",""
05/02/2012 17:56:51,0-7380086,TRACK,48.57149,-123.16678,"",""
05/02/2012 17:46:51,0-7380086,TRACK,48.5716,-123.16681,"",""
05/02/2012 17:36:42,0-7380086,TRACK,48.57153,-123.16689,"",""
05/02/2012 17:26:51,0-7380086,TRACK,48.57153,-123.16692,"",""
05/02/2012 17:16:32,0-7380086,TRACK,48.5765,-123.18785,"",""
05/02/2012 17:07:06,0-7380086,TRACK,48.58236,-123.20941,"",""
05/02/2012 16:56:15,0-7380086,TRACK,48.58478,-123.2097,"",""
05/02/2012 16:46:16,0-7380086,TRACK,48.59207,-123.21068,"",""
05/02/2012 16:36:36,0-7380086,TRACK,48.61081,-123.21545,"",""
05/02/2012 16:26:28,0-7380086,TRACK,48.62963,-123.21939,"",""
05/02/2012 16:16:15,0-7380086,TRACK,48.64743,-123.22629,"",""
05/02/2012 16:06:14,0-7380086,TRACK,48.66479,-123.23532,"",""
05/02/2012 15:56:19,0-7380086,TRACK,48.68208,-123.24171,"",""
05/02/2012 15:46:18,0-7380086,TRACK,48.69399,-123.22693,"",""
05/02/2012 15:36:24,0-7380086,TRACK,48.6983,-123.20058,"",""
05/02/2012 15:27:12,0-7380086,TRACK,48.70312,-123.177,"",""
05/02/2012 15:17:00,0-7380086,TRACK,48.70852,-123.1552,"",""
05/02/2012 15:06:20,0-7380086,TRACK,48.71189,-123.14622,"",""
05/02/2012 14:56:33,0-7380086,TRACK,48.71205,-123.14935,"",""
05/02/2012 14:46:21,0-7380086,TRACK,48.71128,-123.15213,"",""
05/02/2012 14:36:16,0-7380086,TRACK,48.70197,-123.16545,"",""
05/02/2012 14:26:57,0-7380086,TRACK,48.69673,-123.18474,"",""
05/02/2012 14:16:16,0-7380086,TRACK,48.69665,-123.20834,"",""
05/02/2012 14:06:19,0-7380086,TRACK,48.69471,-123.22954,"",""
05/02/2012 13:56:14,0-7380086,TRACK,48.6891,-123.24074,"",""
05/02/2012 13:46:16,0-7380086,TRACK,48.68704,-123.24023,"",""
05/02/2012 13:36:44,0-7380086,TRACK,48.68841,-123.24062,"",""
05/02/2012 13:16:46,0-7380086,TRACK,48.67264,-123.23106,"",""
05/02/2012 13:06:16,0-7380086,TRACK,48.67078,-123.23068,"",""
05/02/2012 12:56:15,0-7380086,TRACK,48.66923,-123.2319,"",""
05/02/2012 12:46:15,0-7380086,TRACK,48.66688,-123.23343,"",""
05/02/2012 12:36:44,0-7380086,TRACK,48.6567,-123.23041,"",""
05/02/2012 12:26:21,0-7380086,TRACK,48.63983,-123.22409,"",""
05/02/2012 12:06:18,0-7380086,TRACK,48.60464,-123.21208,"",""
05/02/2012 11:46:18,0-7380086,TRACK,48.59536,-123.20984,"",""
05/02/2012 11:36:16,0-7380086,TRACK,48.59089,-123.21144,"",""
05/02/2012 11:26:40,0-7380086,TRACK,48.5918,-123.21432,"",""
05/02/2012 11:17:59,0-7380086,TRACK,48.59066,-123.21472,"",""
05/02/2012 11:07:15,0-7380086,TRACK,48.58609,-123.20682,"",""
05/02/2012 10:57:23,0-7380086,TRACK,48.57811,-123.18045,"",""
05/01/2012 18:47:11,0-7380086,TRACK,48.57179,-123.16713,"",""
05/01/2012 18:37:10,0-7380086,TRACK,48.57183,-123.16713,"",""
05/01/2012 18:27:10,0-7380086,TRACK,48.57181,-123.1671,"",""
05/01/2012 18:17:10,0-7380086,TRACK,48.57182,-123.16721,"",""
05/01/2012 18:07:10,0-7380086,TRACK,48.57177,-123.16716,"",""
05/01/2012 17:58:21,0-7380086,TRACK,48.57166,-123.1673,"",""
05/01/2012 17:47:30,0-7380086,TRACK,48.5718,-123.16699,"",""
05/01/2012 17:37:16,0-7380086,TRACK,48.57187,-123.16739,"",""
05/01/2012 17:27:48,0-7380086,TRACK,48.57162,-123.16699,"",""
05/01/2012 17:17:57,0-7380086,TRACK,48.57173,-123.16704,"",""
05/01/2012 17:07:37,0-7380086,TRACK,48.57152,-123.16705,"",""
05/01/2012 16:57:10,0-7380086,TRACK,48.57167,-123.16719,"",""
05/01/2012 16:47:12,0-7380086,TRACK,48.57178,-123.1673,"",""
05/01/2012 16:37:11,0-7380086,TRACK,48.57177,-123.16731,"",""
05/01/2012 16:27:13,0-7380086,TRACK,48.57181,-123.16724,"",""
05/01/2012 16:17:10,0-7380086,TRACK,48.57181,-123.1673,"",""
05/01/2012 16:07:10,0-7380086,TRACK,48.57177,-123.16727,"",""
05/01/2012 15:57:09,0-7380086,TRACK,48.57182,-123.1673,"",""
05/01/2012 15:47:09,0-7380086,TRACK,48.57179,-123.16734,"",""
05/01/2012 15:37:11,0-7380086,TRACK,48.57174,-123.1674,"",""
05/01/2012 15:27:44,0-7380086,TRACK,48.57172,-123.16731,"",""
05/01/2012 15:17:44,0-7380086,TRACK,48.57185,-123.1673,"",""
05/01/2012 15:07:31,0-7380086,TRACK,48.57178,-123.16745,"",""
05/01/2012 14:57:42,0-7380086,TRACK,48.57181,-123.16716,"",""
05/01/2012 14:47:14,0-7380086,TRACK,48.57536,-123.1739,"",""
05/01/2012 14:37:16,0-7380086,TRACK,48.58962,-123.17476,"",""
05/01/2012 14:27:10,0-7380086,TRACK,48.60018,-123.16731,"",""
05/01/2012 14:17:11,0-7380086,TRACK,48.61413,-123.17281,"",""
05/01/2012 14:07:14,0-7380086,TRACK,48.62333,-123.16794,"",""
05/01/2012 13:57:12,0-7380086,TRACK,48.6273,-123.15794,"",""
05/01/2012 13:47:16,0-7380086,TRACK,48.62639,-123.16483,"",""
05/01/2012 13:37:44,0-7380086,TRACK,48.62754,-123.16713,"",""
05/01/2012 13:27:27,0-7380086,TRACK,48.62486,-123.16943,"",""
05/01/2012 13:17:14,0-7380086,TRACK,48.62656,-123.17299,"",""
05/01/2012 13:07:11,0-7380086,TRACK,48.62659,-123.15768,"",""
05/01/2012 12:48:12,0-7380086,TRACK,48.62508,-123.12025,"",""
05/01/2012 12:37:16,0-7380086,TRACK,48.62698,-123.10002,"",""
05/01/2012 12:27:45,0-7380086,TRACK,48.62634,-123.08151,"",""
05/01/2012 12:07:15,0-7380086,TRACK,48.62112,-123.04604,"",""
05/01/2012 11:57:36,0-7380086,TRACK,48.61842,-123.04694,"",""
05/01/2012 11:47:16,0-7380086,TRACK,48.61844,-123.04694,"",""
05/01/2012 11:37:43,0-7380086,TRACK,48.61816,-123.04689,"",""
05/01/2012 11:17:25,0-7380086,TRACK,48.61829,-123.04671,"",""
05/01/2012 11:09:30,0-7380086,TRACK,48.61832,-123.04686,"",""
04/30/2012 18:32:57,0-7380086,TRACK,48.61837,-123.04692,"",""
04/30/2012 18:22:31,0-7380086,TRACK,48.61834,-123.04704,"",""
04/30/2012 18:13:05,0-7380086,TRACK,48.61815,-123.047,"",""
04/30/2012 18:03:11,0-7380086,TRACK,48.61974,-123.03848,"",""
04/30/2012 17:52:42,0-7380086,TRACK,48.60052,-123.03854,"",""
04/30/2012 17:42:32,0-7380086,TRACK,48.58373,-123.03207,"",""
04/30/2012 17:32:32,0-7380086,TRACK,48.5733,-123.01735,"",""
04/30/2012 17:24:27,0-7380086,TRACK,48.56181,-123.00769,"",""
04/19/2012 12:43:39,0-7380086,TRACK,48.7228,-122.51266,"",""
04/19/2012 12:23:31,0-7380086,TRACK,48.70442,-122.5309,"",""
04/19/2012 12:13:44,0-7380086,TRACK,48.69538,-122.53648,"",""
04/19/2012 12:03:31,0-7380086,TRACK,48.68747,-122.54214,"",""
04/19/2012 11:43:41,0-7380086,TRACK,48.65881,-122.5623,"",""
04/19/2012 11:34:52,0-7380086,TRACK,48.64647,-122.57173,"",""
04/18/2012 21:24:16,0-7380086,TRACK,48.75223,-122.90431,"",""
04/18/2012 21:14:52,0-7380086,TRACK,48.7524,-122.90417,"",""
04/18/2012 21:04:16,0-7380086,TRACK,48.75227,-122.90417,"",""
04/18/2012 20:54:20,0-7380086,TRACK,48.75242,-122.90421,"",""
04/18/2012 20:44:23,0-7380086,TRACK,48.75235,-122.90411,"",""
04/18/2012 20:35:32,0-7380086,TRACK,48.75232,-122.9041,"",""
04/18/2012 20:24:16,0-7380086,TRACK,48.75233,-122.90431,"",""
04/18/2012 20:14:15,0-7380086,TRACK,48.75232,-122.90427,"",""
04/18/2012 20:04:19,0-7380086,TRACK,48.75227,-122.90425,"",""
04/18/2012 19:54:41,0-7380086,TRACK,48.75229,-122.90431,"",""
04/18/2012 19:44:16,0-7380086,TRACK,48.75228,-122.90436,"",""
04/18/2012 19:34:29,0-7380086,TRACK,48.75232,-122.90422,"",""
04/18/2012 19:24:17,0-7380086,TRACK,48.75229,-122.90425,"",""
04/18/2012 19:14:51,0-7380086,TRACK,48.75227,-122.90431,"",""
04/18/2012 19:04:20,0-7380086,TRACK,48.75246,-122.90436,"",""
04/18/2012 18:54:35,0-7380086,TRACK,48.75079,-122.90164,"",""
04/18/2012 18:44:16,0-7380086,TRACK,48.74859,-122.8783,"",""
04/18/2012 18:34:21,0-7380086,TRACK,48.76157,-122.86142,"",""
04/18/2012 18:24:51,0-7380086,TRACK,48.77565,-122.84579,"",""
04/18/2012 18:14:16,0-7380086,TRACK,48.79025,-122.82832,"",""
04/18/2012 18:04:24,0-7380086,TRACK,48.80524,-122.81491,"",""
04/18/2012 17:54:25,0-7380086,TRACK,48.82018,-122.7999,"",""
04/18/2012 17:44:41,0-7380086,TRACK,48.83461,-122.78731,"",""
04/18/2012 17:34:42,0-7380086,TRACK,48.84916,-122.77477,"",""
04/18/2012 17:24:59,0-7380086,TRACK,48.86292,-122.77841,"",""
04/18/2012 17:14:20,0-7380086,TRACK,48.87581,-122.79756,"",""
04/18/2012 17:04:22,0-7380086,TRACK,48.88808,-122.81512,"",""
04/18/2012 16:54:21,0-7380086,TRACK,48.8981,-122.83543,"",""
04/18/2012 16:44:45,0-7380086,TRACK,48.90717,-122.85571,"",""
04/18/2012 16:34:17,0-7380086,TRACK,48.91754,-122.87816,"",""
04/18/2012 16:24:20,0-7380086,TRACK,48.92981,-122.88347,"",""
04/18/2012 16:14:42,0-7380086,TRACK,48.94458,-122.87209,"",""
04/18/2012 16:05:21,0-7380086,TRACK,48.94847,-122.88008,"",""
04/18/2012 15:44:22,0-7380086,TRACK,48.94611,-122.92477,"",""
04/18/2012 15:36:00,0-7380086,TRACK,48.95601,-122.91223,"",""
04/18/2012 15:24:18,0-7380086,TRACK,48.96991,-122.89052,"",""
04/18/2012 15:14:22,0-7380086,TRACK,48.97708,-122.88181,"",""
04/18/2012 14:54:19,0-7380086,TRACK,48.96535,-122.93988,"",""
04/18/2012 14:44:22,0-7380086,TRACK,48.95837,-122.96579,"",""
04/18/2012 14:34:36,0-7380086,TRACK,48.95079,-122.99228,"",""
04/18/2012 14:24:20,0-7380086,TRACK,48.94175,-123.0184,"",""
04/18/2012 14:14:31,0-7380086,TRACK,48.93289,-123.04184,"",""
04/18/2012 14:05:36,0-7380086,TRACK,48.93189,-123.0462,"",""
04/18/2012 13:37:52,0-7380086,TRACK,48.95624,-123.02539,"",""
04/17/2012 18:34:55,0-7380086,TRACK,48.97626,-123.06398,"",""
04/17/2012 18:25:21,0-7380086,TRACK,48.96853,-123.07666,"",""
04/17/2012 18:14:57,0-7380086,TRACK,48.9748,-123.09662,"",""
04/17/2012 18:04:51,0-7380086,TRACK,48.98662,-123.11539,"",""
04/17/2012 17:54:51,0-7380086,TRACK,48.99672,-123.12917,"",""
04/17/2012 17:45:41,0-7380086,TRACK,48.99977,-123.13144,"",""
04/17/2012 17:34:54,0-7380086,TRACK,48.99963,-123.12996,"",""
04/17/2012 17:25:50,0-7380086,TRACK,48.99968,-123.1414,"",""
04/17/2012 17:15:27,0-7380086,TRACK,49.00187,-123.15231,"",""
04/17/2012 17:04:51,0-7380086,TRACK,49.00138,-123.15231,"",""
04/17/2012 16:55:21,0-7380086,TRACK,49.00072,-123.15141,"",""
04/17/2012 16:44:58,0-7380086,TRACK,49.00021,-123.1515,"",""
04/17/2012 16:25:05,0-7380086,TRACK,49.00091,-123.15303,"",""
04/17/2012 16:14:53,0-7380086,TRACK,49.00061,-123.1535,"",""
04/17/2012 16:05:30,0-7380086,TRACK,49.00017,-123.15253,"",""
04/17/2012 15:54:52,0-7380086,TRACK,48.99264,-123.14839,"",""
04/17/2012 15:34:53,0-7380086,TRACK,48.97139,-123.10011,"",""
04/17/2012 15:25:22,0-7380086,TRACK,48.96118,-123.07692,"",""
04/17/2012 15:14:55,0-7380086,TRACK,48.9527,-123.04984,"",""
04/17/2012 15:04:56,0-7380086,TRACK,48.94465,-123.02307,"",""
04/17/2012 14:54:57,0-7380086,TRACK,48.93685,-122.99669,"",""
04/17/2012 14:44:49,0-7380086,TRACK,48.92921,-122.97067,"",""
04/17/2012 14:34:52,0-7380086,TRACK,48.92162,-122.94498,"",""
04/17/2012 14:25:08,0-7380086,TRACK,48.91431,-122.92068,"",""
04/17/2012 14:14:52,0-7380086,TRACK,48.90553,-122.89697,"",""
04/17/2012 14:04:50,0-7380086,TRACK,48.89726,-122.8727,"",""
04/17/2012 13:54:52,0-7380086,TRACK,48.89003,-122.84843,"",""
04/17/2012 13:45:06,0-7380086,TRACK,48.88419,-122.82407,"",""
04/17/2012 13:35:11,0-7380086,TRACK,48.87642,-122.80096,"",""
04/17/2012 13:25:26,0-7380086,TRACK,48.87054,-122.77769,"",""
04/17/2012 13:15:21,0-7380086,TRACK,48.86895,-122.77028,"",""
04/17/2012 13:04:52,0-7380086,TRACK,48.8679,-122.76895,"",""
04/17/2012 12:54:56,0-7380086,TRACK,48.86703,-122.76814,"",""
04/17/2012 12:44:49,0-7380086,TRACK,48.86766,-122.76831,"",""
04/17/2012 12:35:06,0-7380086,TRACK,48.86695,-122.76761,"",""
04/17/2012 12:25:08,0-7380086,TRACK,48.86735,-122.76833,"",""
04/17/2012 12:15:27,0-7380086,TRACK,48.86694,-122.7674,"",""
04/17/2012 12:04:53,0-7380086,TRACK,48.86749,-122.76831,"",""
04/17/2012 11:54:56,0-7380086,TRACK,48.86684,-122.76732,"",""
04/17/2012 11:44:53,0-7380086,TRACK,48.86705,-122.76868,"",""
04/17/2012 11:34:53,0-7380086,TRACK,48.86711,-122.76773,"",""
04/17/2012 11:25:33,0-7380086,TRACK,48.86753,-122.76711,"",""
04/17/2012 11:15:25,0-7380086,TRACK,48.86282,-122.77553,"",""
04/17/2012 11:04:51,0-7380086,TRACK,48.84796,-122.7886,"",""
04/17/2012 10:55:05,0-7380086,TRACK,48.83529,-122.80174,"",""
04/17/2012 10:44:53,0-7380086,TRACK,48.82248,-122.81485,"",""
04/17/2012 10:34:52,0-7380086,TRACK,48.81021,-122.82933,"",""
04/17/2012 10:18:27,0-7380086,TRACK,48.78425,-122.84683,"",""
04/16/2012 22:30:22,0-7380086,TRACK,48.75227,-122.90417,"",""
04/16/2012 22:20:25,0-7380086,TRACK,48.75226,-122.90416,"",""
04/16/2012 22:10:51,0-7380086,TRACK,48.75227,-122.90427,"",""
04/16/2012 22:00:22,0-7380086,TRACK,48.75229,-122.90417,"",""
04/16/2012 21:50:22,0-7380086,TRACK,48.75224,-122.90417,"",""
04/16/2012 21:40:28,0-7380086,TRACK,48.75236,-122.90439,"",""
04/16/2012 21:30:51,0-7380086,TRACK,48.75233,-122.90416,"",""
04/16/2012 21:20:36,0-7380086,TRACK,48.7523,-122.90421,"",""
04/16/2012 21:10:22,0-7380086,TRACK,48.75232,-122.90421,"",""
04/16/2012 21:00:21,0-7380086,TRACK,48.75225,-122.90425,"",""
04/16/2012 20:50:22,0-7380086,TRACK,48.75217,-122.90417,"",""
04/16/2012 20:40:25,0-7380086,TRACK,48.75233,-122.90425,"",""
04/16/2012 20:30:22,0-7380086,TRACK,48.75235,-122.90425,"",""
04/16/2012 20:20:27,0-7380086,TRACK,48.75223,-122.90421,"",""
04/16/2012 20:10:31,0-7380086,TRACK,48.75222,-122.90422,"",""
04/16/2012 20:00:56,0-7380086,TRACK,48.75223,-122.90422,"",""
04/16/2012 19:50:23,0-7380086,TRACK,48.75226,-122.90427,"",""
04/16/2012 19:40:26,0-7380086,TRACK,48.75228,-122.90421,"",""
04/16/2012 19:30:50,0-7380086,TRACK,48.75229,-122.90422,"",""
04/16/2012 19:20:57,0-7380086,TRACK,48.75222,-122.90422,"",""
04/16/2012 19:11:36,0-7380086,TRACK,48.74586,-122.89063,"",""
04/16/2012 19:00:22,0-7380086,TRACK,48.75166,-122.86591,"",""
04/16/2012 18:51:29,0-7380086,TRACK,48.75257,-122.84859,"",""
04/16/2012 18:44:01,0-7380086,TRACK,48.75357,-122.83682,"",""
04/16/2012 18:32:45,0-7380086,TRACK,48.75487,-122.81998,"",""
04/16/2012 18:21:14,0-7380086,TRACK,48.75407,-122.80165,"",""
04/16/2012 18:10:56,0-7380086,TRACK,48.75405,-122.78374,"",""
04/16/2012 18:00:45,0-7380086,TRACK,48.75317,-122.76761,"",""
04/16/2012 17:50:29,0-7380086,TRACK,48.7537,-122.75374,"",""
04/16/2012 17:40:34,0-7380086,TRACK,48.7526,-122.7375,"",""
04/16/2012 17:30:24,0-7380086,TRACK,48.75241,-122.72072,"",""
04/16/2012 17:20:29,0-7380086,TRACK,48.75051,-122.70329,"",""
04/16/2012 17:10:22,0-7380086,TRACK,48.74062,-122.68723,"",""
04/16/2012 17:00:21,0-7380086,TRACK,48.72775,-122.67365,"",""
04/16/2012 16:50:26,0-7380086,TRACK,48.71447,-122.66161,"",""
04/16/2012 16:40:26,0-7380086,TRACK,48.70211,-122.65016,"",""
04/16/2012 16:30:41,0-7380086,TRACK,48.69132,-122.63284,"",""
04/16/2012 16:20:28,0-7380086,TRACK,48.68971,-122.6077,"",""
04/16/2012 16:10:30,0-7380086,TRACK,48.69749,-122.58499,"",""
04/16/2012 16:00:24,0-7380086,TRACK,48.70675,-122.55952,"",""
04/16/2012 15:50:30,0-7380086,TRACK,48.71572,-122.53711,"",""
04/16/2012 15:40:27,0-7380086,TRACK,48.72475,-122.51611,"",""
04/16/2012 15:30:27,0-7380086,TRACK,48.72265,-122.51273,"",""
04/16/2012 15:20:23,0-7380086,TRACK,48.72262,-122.51279,"",""
04/16/2012 15:13:00,0-7380086,TRACK,48.7225,-122.51282,"",""
04/16/2012 15:00:57,0-7380086,TRACK,48.72263,-122.51277,"",""
04/16/2012 14:50:30,0-7380086,TRACK,48.72256,-122.51282,"",""
04/16/2012 14:40:57,0-7380086,TRACK,48.7226,-122.51279,"",""
04/16/2012 14:31:27,0-7380086,TRACK,48.72255,-122.51279,"",""

